"word","meaning","goroText"
"unlock","解錠する","あん(un)パン片手にとっくに(lock)解錠済！"
"rebuild","再建する","離(re)島すぎてビビる(build)、人間関係も再建だ！"
"disorder","混乱・障害","弟子(dis)のおなら(order)、混乱を招く。"
"preview","試写・下見","プリ(pre)ン食べつつビュッフェ(view)で試写会。"
"postgraduate","大学院の","ポスト(post)がぐらつく(gradu)、大学院。"
"subculture","下位文化","三郎の(sub)とのカルタ(cult)遊びが湯屋(ure)で流行る"
"interview","面接","良いんだ(inter)微妙な(view)で面接で。"
"translate","翻訳する","精子と卵子(trans)らで(lat)遺伝子翻訳！"
"export","輸出する","駅(ex)からポー！っと(port)汽車で輸出だ。"
"include","含む","ワイン(in)は蔵(clud)に入ってる？"
"cooperation","協力","ここ(co)のオペラ(oper)歌手は冷笑(ation)しがちだ。"
"connect","接続する","紺(con)のネクタイ(nect)を首に接続！"
"compact","小型の","コンドーム(com)をパクっと(pact)丸呑みだ。"
"illegal","違法の","参る(il)夕暮れ(leg)歩(al)いていこう。"
"impossible","不可能な","芋(im)は干す(poss)のか？燻る(ible)のか？いや不可能だろう。"
"irregular","不規則な","イルカ(ir)の心をえぐる(regul)水族館荒ら(ar)し。"
"befriend","友達になる","びっ(be)くりしたフリ(friend)、ホントは冷静さ！"
"defrost","解凍する","デッ(de)キで風呂(frost)掃除。"
"progress","進歩","風呂(pro)の進歩に目もくれず(gress)。"
"mislead","誤らせる","ミス(mis)続きでリード(lead)役が皆を誤らせる。"
"nonsense","無意味","農(non)家に扇子(sens)は無意味だろ。"
"antibiotic","抗生物質","8番地(anti)でバイオ(bio)ハザード！行く(ic)な危険だ。"
"automatic","自動の","嘔吐(auto)はちょい待て(mat)！いく(ic)らなんでも！"
"overcome","克服する","お婆(over)の噛む(come)餅、危ねぇよ。"
"underestimate","過小評価する","あんた(under)のエス字(estim)はええと(ate)こ行っとる。"
"supervisor","監督者","素晴らしい(super)美人(vis)だ！おらんよ(or)滅多に。"
"semifinal","準決勝","蝉(semi)を封印(fin)。"
"multiply","掛ける・増やす","丸(multi)っこくてプリッと(ply)したエビ。"
"television","テレビ","照れるぜ(tele)。美人(vis)がイオン(ion)水を宣伝"
"forecast","予報","法(fore)を犯すと(cast)最悪死刑！"
"abnormal","異常な","アブ(ab)が飲む(norm)水、異常あり(al)！"
"adventure","冒険","後(ad)で弁当(vent)！嬉しい(ure)な！"
"afternoon","午後","炙った(after)マシュマロ、ヌーン(noon)と伸びる。"
"upgrade","改良する","溢れる(up)思いがグラグラと(grade)揺れる。"
"backward","後方へ","バックパック(back)とワードローブ(ward)を後方へ運ぶ"
"biology","生物学","バイオリン(bio)片手に、折ろう(ology)と学ぶ生物学"
"counteract","中和する","カウンターキッチン(counter)でアクション(act)し毒を中和"
"crossroad","交差点","クロスワード(cross)とロードバイク(road)が交差点に"
"download","取り込む","ダウンジャケット(down)姿でロードバイク(load)に積む"
"ecosystem","生態系","エコ(eco)袋とシステマチック(system)管理で生態系を守る"
"enable","可能にする","円(en)であぶる(able)と可能になる料理"
"embrace","抱擁する","エム(em)字型のブレスレット(brace)で抱擁する"
"homogeneous","同質の","ホモサピエンス(homo)のジーンズ(gene)、味(ous)気なく同質だ"
"hyperactive","過活動の","ハイパーリンク(hyper)を悪(act)用、いーヴ(ive)ほど過活動"
"infrastructure","社会基盤","いんふら(infra)にトラクター(struct)、湯屋(ure)まで社会基盤"
"macroscopic","巨視的な","まくろ(macro)なスコップ(scop)で行(ic)ける巨視的調査"
"microscope","顕微鏡","マイクロホン(micro)とスコップ(scop)で覗く顕微鏡"
"midnight","真夜中","みっ(mid)ちり働きナイター(night)まで真夜中"
"monopoly","独占","モノ(mono)のポリ(poly)袋を一社が独占する"
"neonatal","新生児の","ネオ(neo)ンの灯り、名(nat)前もある(al)新生児"
"outstanding","傑出した","アウト(out)気味のスタンプ(stand)が、言(ing)わずと傑出"
"paradox","逆説","パラ(para)グライダーとドクター(dox)、逆説的な光景"
"perfect","完璧な","パー(per)を出しフェイント(fect)で完璧な勝利"
"pseudonym","偽名","すーど(pseudo)っと偽名を名乗り、ニンマリ(nym)笑う"
"retrospect","回顧","レト(retro)な喫茶でスペクトル(spect)を見て回顧"
"synchronize","同期させる","シン(syn)プルな黒(chron)板で、合図(ize)し同期する"
"tricycle","三輪車","トライアスロン(tri)後にサイクリング(cycl)、三輪車で"
"ultraviolet","紫外線","ウルトラマン(ultra)がバイオリン(viol)を弾く紫外線の下"
"uniform","制服","ユニ(uni)ット式のフォーマット(form)で制服を洗う"
"viceroy","副王","バイス(vice)で挟みロイヤル(roy)な副王が笑う"
"predict","予言する","プリ(pre)ンを軸(dict)に明日を予言する"
"reduce","減らす","離(re)島でデュエット(duc)の回数を減らす"
"attract","引きつける","アト(at)リエのトラクター(tract)が人を引きつける"
"import","輸入する","芋(im)をポート(port)から大量に輸入する"
"inspect","検査する","印(in)にスペクトル(spect)を当てて検査する"
"describe","描写する","出(de)た子がすくっと(scrib)情景を描写する"
"benevolent","慈悲深い","弁(ben)当をボール(vol)に盛り、円(ent)で配る慈悲深さ"
"malfunction","故障","丸(mal)いファン(funct)がイオン(ion)を出さず故障"
"provide","提供する","プロ(pro)がビデオ(vid)を無料で提供する"
"project","計画・投影","プロ(pro)がジェット(ject)機の計画を投影する"
"admit","認める","アド(ad)バイスのミット(mit)を渋々認める"
"preserve","保存する","プリ(pre)ンをサーバー(serv)室で保存する"
"incredible","信じられない","印(in)鑑がクレ(cred)化し、イブ(ible)ほど信じられない"
"conduct","導く・指揮する","紺(con)のダクトテープ(duct)で風を導く"
"military","軍の","ミリ(milit)単位であり(ary)得ぬ軍の規律"
"powerful","強力な","パワーストーン(power)がフル(ful)回転、強力な力だ"
"careless","不注意な","ケア(care)不足でレス(less)ばかり、不注意な人"
"equipment","装備","イクラ(equip)とメントール(ment)を装備する"
"kindness","親切","カインズ(kind)で値(ness)引き、親切な店員だ"
"artist","芸術家","あー(art)っと驚くイースト(ist)菌の芸術家"
"ability","能力","アヒル(abil)が一(ity)芸見せる意外な能力"
"package","包み","パッ(pack)と閉じ、栄(age)光の包みが届く"
"tourism","観光","ツアーガイド(tour)がいずみ(ism)を案内、観光地だ"
"simplify","単純化する","しんぷる(simpl)にファイル(ify)を単純化する"
"quickly","素早く","クイズ(quick)に離(ly)脱、素早く答える"
"friendship","友情","フレンドリー(friend)なしっぷ(ship)交換、友情が芽生える"
"childhood","幼年期","チャイルドシート(child)とフード(hood)付き服、幼年期だ"
"manager","管理者","マンガ(man)家が栄(age)冠、アー(er)っと驚く管理者"
"performance","演技・成果","パー(per)のフォーマット(form)通り、安(ance)心の演技"
"assistant","助手","アス(as)リートのシスター(sist)役、アン(ant)は新人"
"difference","違い","ディフ(dif)ェンダーとフェリー(fer)、エン(ence)ほど違う"
"photograph","写真","フォトフレーム(photo)にグラフィック(graph)、写真が並ぶ"
"phonetic","音声の","フォンデュ(phon)を行(ic)う音声案内"
"audience","聴衆","オードブル(audi)にエン(ence)を添え、聴衆が沸く"
"pathetic","哀れな","パス(path)を落とし行(ic)き場なく哀れだ"
"signal","合図","サイン(sign)を送りある(al)合図をする"
"solution","解決","ソルト(solu)を振ると、症(tion)状が解決した"
"maintain","維持する","メインディッシュ(main)のテイクアウト(tain)を維持する"
"valuable","価値ある","バルコニー(valu)であぶる(able)価値ある肉"
"verify","検証する","ベル(ver)を鳴らしファイル(ify)を検証する"
"convince","納得させる","紺(con)のビンゴ(vinc)で相手を納得させる"
"vocal","声の","ボクシング(voc)であるある(al)、声の応援"
"terrain","地形","テルマエ(terr)から見た愛(ain)しい地形"
"memorize","暗記する","メモ(mem)帳を追(or)い、合図(ize)して暗記する"
"innovation","革新","印(in)を残しノブ(nov)を回し、A賞(ation)級の革新"
"primitive","原始的な","プリマ(prim)が板(it)の上で、いー(ive)ほど原始的"
"corrupt","腐敗した","コルク(cor)がラップ(rupt)の中で腐敗した"
"section","区分","セクシー(sect)なイオン(ion)水の区分棚"
"sequence","連続","セキュリティ(sequ)のエン(ence)が連続する"
"sonic","音の","ソング(son)を行(ic)う音の実験室"
"tactile","触覚の","タクシー(tact)でいる(ile)間の触覚を試す"
"urban","都市の","ウーバー(urb)であん(an)パンを運ぶ都市の朝"
"survive","生き延びる","サーフィン(sur)でビビ(viv)りつつ生き延びる"
"capture","捕獲する","キャップ(cap)を被り湯屋(ure)で虫を捕獲する"
"affect","影響する","アフロ(af)頭のフェイント(fect)が勝敗に影響する"
"fluent","流暢な","フルート(flu)の音、円(ent)らかで流暢だ"
"fundamental","基本的な","ファンタ(fund)とメントール(ment)がある(al)基本の店"
"collect","集める","コルク(col)栓をレクチャー(lect)しつつ集める"
"local","地元の","ロケ(loc)地であるある(al)、地元の噂話"
"illuminate","照らす","いる(il)かがルミネ(lumin)で栄(ate)光を照らす"
"motion","動き","モツ(mot)煮込みがイオン(ion)の力で動く"
"depend","頼る","出(de)口でペンダント(pend)の光に頼る"
"complicate","複雑にする","紺(com)のプリクラ(plic)が栄(ate)冠を複雑にする"
"tension","緊張","テンション(tens)高くイオン(ion)水を飲み緊張"
"testify","証言する","テスト(test)前にファイル(ify)を出して証言する"
"development","発展","出(de)口でベロ(velop)出し、メントール(ment)味が発展"
